date,polarity,log_merit,post,polarity_and_log_merit
2016-01-02,0.12349946782325978,5.203896860794208,102,0.7101896936743586
2016-01-03,0.12134776908998705,5.826352648735806,39,0.7054949221888164
2016-01-04,0.09309664837477336,4.806804840842598,50,0.3860474990742041
2016-01-05,0.12109116503066208,6.209135412432707,59,0.7590356753311688
2016-01-06,0.11571384251833437,5.715966258399188,73,0.6406448554289965
2016-01-07,0.1312641076970078,5.834435435747068,70,0.7640733432224945
2016-01-08,0.08655992468471463,5.501565023609843,35,0.5169723522918347
2016-01-09,0.13656763587719473,6.468400796306554,25,0.8887304573886445
2016-01-10,0.21692892687630275,6.0910676724623585,45,1.3271311487792092
2016-01-11,0.1525086120653723,6.024359378652876,56,0.9113637763272254
2016-01-12,0.2090767539338968,5.660432964405873,30,0.9767037364288975
2016-01-13,0.20648012609134686,5.992657344604405,63,1.2014999030282232
2016-01-14,0.18168702612106596,5.649419572442047,34,1.0028726801594214
2016-01-15,0.06695169368334825,6.046536071512572,150,0.39924077438818717
2016-01-16,0.098058041120365,5.553364082950044,84,0.5634658555415001
2016-01-17,0.1006682034960186,6.4133498175228585,52,0.6686264955404464
2016-01-18,0.08935912928988732,5.710317196285484,49,0.3966653503325496
2016-01-19,0.11438357018903766,5.919958455643596,97,0.7109395144078897
2016-01-20,0.0768119738555753,5.578029524945236,53,0.40666238142581024
2016-01-21,0.13121544428971643,5.9243926883661215,98,0.820878318948285
2016-01-22,0.1355866870297085,5.570164908484556,81,0.7615777432104136
2016-01-23,0.040653024572829766,5.6183649284319275,25,0.1159064008701283
2016-01-24,0.10913477725977726,5.6346454345071475,26,0.6028330091994768
2016-01-25,0.29824972101972097,5.565178498576703,25,1.5487545758240622
2016-01-26,0.12836751185487902,6.258387656847387,58,0.7776670631353484
2016-01-27,0.09866551408410976,6.169308006277148,27,0.5702943190562999
2016-01-28,0.09779087989649483,5.605605135520532,22,0.6948006696713164
2016-01-29,0.12026943738374349,5.34215270872371,97,0.6263991940567224
2016-01-30,0.12425752661620137,5.675285738065909,82,0.7782079256504573
2016-01-31,0.10685362650171575,5.6020999695969715,110,0.5905654717607406
2016-02-01,0.11410163560986392,5.584515744630105,111,0.7087350691637468
2016-02-02,0.16837959223009055,5.045733863252006,86,0.733894042781575
2016-02-03,0.16686750892712635,5.946603018215623,102,0.9730355025013946
2016-02-04,0.12952059166539362,6.203829927635782,101,0.783284999235444
2016-02-05,0.121701120845759,5.788113230907679,161,0.6994270931181614
2016-02-06,0.1554310720234345,5.571433497788989,95,0.9112368978052721
2016-02-07,0.16844620831800852,5.487097408717484,126,0.913663329986276
2016-02-08,0.14883507071812146,5.6150660760187145,48,0.8996116679547153
2016-02-09,0.12041866691066384,5.520532694437563,82,0.6493459319358903
2016-02-10,0.0719489073865199,5.516499064841711,98,0.4533296549995374
2016-02-11,0.14067173109152084,5.775580665549046,106,0.6681800192503681
2016-02-12,0.21166986449030342,5.328590444140039,84,1.1111361505700157
2016-02-13,0.15333811075713913,5.397212666573481,15,0.721952558043205
2016-02-14,0.0992430933450182,6.240668572294808,28,0.6051219449561519
2016-02-15,0.12344231968441129,5.621217306820813,77,0.7090939452060281
2016-02-16,0.060634871884871905,5.852445999229542,37,0.3047298604158756
2016-02-17,0.16666249605197198,5.057905066985069,67,0.865996114219899
2016-02-18,0.15895841859412177,5.215787955223397,88,0.8599497911873588
2016-02-19,0.17392755279308453,5.36224889819366,91,0.8994313059347636
2016-02-20,0.13363084902601133,5.322550993356936,126,0.6861844799009369
2016-02-21,0.13373738397845533,5.943640550097872,124,0.7638930032470905
2016-02-22,0.10168897368898776,6.013979273600056,161,0.6360284280140847
2016-02-23,0.18264176591252929,5.659177065814688,85,0.9745359721730734
2016-02-24,0.1312177808605375,6.087740362291947,88,0.8205081169818963
2016-02-25,0.13083049348925424,5.421686861563065,82,0.6959824271611846
2016-02-26,0.18146107700513028,6.01873003974301,53,1.0494594138154685
2016-02-27,0.12550280275280276,5.731409542746818,39,0.7145970947587698
2016-02-28,0.10669562806934597,5.993787203290839,92,0.6792895768441469
2016-02-29,0.13724664574065543,5.885126184399974,89,0.8217294614404433
2016-03-01,0.1833217460444513,5.515618744118173,59,0.9803972906839858
2016-03-02,0.09977813291303922,5.50202234826801,36,0.5805730306258305
2016-03-03,0.09834956840759818,5.685132247374284,96,0.5743921499666463
2016-03-04,0.09590133551124767,6.296593806275987,44,0.5802921480975048
2016-03-05,0.15941973497800585,5.847251538419456,67,0.8687630149352965
2016-03-06,0.1763385450024077,5.713871961228007,80,1.026284159136712
2016-03-07,0.11422056517135958,5.859260247506891,56,0.6805831281779228
2016-03-08,0.1333495389183792,5.878719005393674,67,0.7451928379585798
2016-03-09,0.1256300627080561,5.965203623933801,61,0.7172273715338481
2016-03-10,0.09625470021286349,5.1954532876996975,35,0.6745057863299081
2016-03-11,0.24674294077993053,5.511973903500325,63,1.3841877638748743
2016-03-12,0.17015221917999693,6.401738590085114,36,1.1041314224964056
2016-03-13,0.14165365422589005,5.815227386801822,44,0.7807385029302746
2016-03-14,0.16454737706795167,5.826129115858612,46,0.9068638873267388
2016-03-15,0.21825644202288944,5.144365103970057,76,1.122054060715376
2016-03-16,0.14963363967381824,5.358171717400852,52,0.7689841054250972
2016-03-17,0.14613419337129657,5.349522522537142,54,0.7779033732551319
2016-03-18,0.20969275440742832,5.904806470920272,23,1.3030138193832745
2016-03-19,0.18268012853397422,5.436466237501384,63,1.03566911503346
2016-03-20,0.16171675120606657,5.451444789273892,63,0.9159370108767646
2016-03-21,0.20318907068886077,5.217699546517326,76,1.055028959659666
2016-03-22,0.08329733560090703,5.548822239813794,42,0.3654556556932636
2016-03-23,0.2443005503244516,5.549543184035886,61,1.3852031344511024
2016-03-24,0.13067462070896135,5.730730302636553,52,0.7175846116562812
2016-03-25,0.15747317153919366,5.437126588134422,77,0.8055611974909205
2016-03-26,0.17344748404169372,5.899127064869826,96,1.0267082663661224
2016-03-27,0.13654996337081596,5.528694496713086,93,0.6553293665751009
2016-03-28,0.17957538453045482,6.070972524123528,116,1.1106347686435696
2016-03-29,0.1793216244207618,5.845618044234564,151,1.0450192792481958
2016-03-30,0.15324574515037812,5.6270976233480265,98,0.859466557626498
2016-03-31,0.14821920043695674,5.149052478056854,87,0.8003710607654372
2016-04-01,0.13041142553555743,5.424112652578571,121,0.7639261288003638
2016-04-02,0.18027253232760265,5.684001699245248,84,1.038351281479089
2016-04-03,0.15927563241210618,5.7130109914316325,143,0.9416436410272325
2016-04-04,0.14710462840901128,5.184038901921268,85,0.7373841367038185
2016-04-05,0.15596324828416644,5.886577544325406,130,0.9582546237009717
2016-04-06,0.16263230901942996,6.402085004423458,92,1.0279164286748566
2016-04-07,0.1120297830280481,6.2253304370752645,122,0.7064784382239997
2016-04-08,0.11291649454216252,6.047479283709764,166,0.7035643520412461
2016-04-09,0.17824760421466196,5.9693966536196905,68,1.189362000119216
2016-04-10,0.17002271432471508,5.974005284087167,73,1.0174617613199157
2016-04-11,0.2244991567945487,5.768273411175576,86,1.246811393218009
2016-04-12,0.1683905065411213,5.745294830087752,61,1.0133603529901007
2016-04-13,0.22932763820864396,5.647158627760961,71,1.3562819136218927
2016-04-14,0.15063327940931642,5.756522866761231,110,0.855133276725182
2016-04-15,0.20969785067258323,5.793866085296802,115,1.2029798322884122
2016-04-16,0.15423960821702418,4.937719500016178,34,0.69297405020088
2016-04-17,0.19240886342473035,5.698899152202575,57,1.0410122426598325
2016-04-18,0.15391500175555284,5.780043217543418,61,0.8968691748278783
2016-04-19,0.24765464443037027,5.626285206972861,72,1.4127964228980312
2016-04-20,0.19618784521019642,4.983031317648431,45,0.9698759070066526
2016-04-21,0.11911922624575066,5.9433827707486095,41,0.676741638928368
2016-04-22,0.1498614886511554,5.861172409648922,61,0.8620927935055247
2016-04-23,0.16718961424754109,5.547137029751222,41,0.9200660820386946
2016-04-24,0.16352219154302486,5.93700180173435,27,0.9415237898471818
2016-04-25,0.16316325130183826,5.716198932763082,23,1.0140406777812248
2016-04-26,0.1723465916393548,5.97169490287901,38,1.0587592237334171
2016-04-27,0.22862600721162696,6.139980818513979,96,1.30948350687451
2016-04-28,0.12308925409735877,6.115498775469101,78,0.7472939466876769
2016-04-29,0.1340534758969633,5.847971542810914,34,0.8122838991933331
2016-04-30,0.16205986382752402,6.291009889727861,32,0.9658117728495756
2016-05-01,0.04784741548134405,5.894688928921789,35,0.26083979588385553
2016-05-02,0.08839646343895016,5.7242934098389044,74,0.5215802595674995
2016-05-03,0.13800724460111238,5.875987371025134,79,0.8281629616754489
2016-05-04,0.18865238235127688,5.912278593928902,161,1.0481037996751161
2016-05-05,0.08590440285079948,5.240600212443105,174,0.4586988153804952
2016-05-06,0.10145305558867375,5.235666270164312,127,0.6666175547270805
2016-05-07,0.14291779892297013,6.132435119754449,90,0.9011331323331849
2016-05-08,0.09022190519436847,5.382922824930032,183,0.5311992280375603
2016-05-09,0.13890068617332116,5.360842119880498,197,0.6868106383251834
2016-05-10,0.1388639737863315,5.490837698681033,140,0.8269143030941869
2016-05-11,0.11929944166888506,5.682646684373841,236,0.6846821052672175
2016-05-12,0.10041410697869942,5.587248045007066,228,0.5914830669258202
2016-05-13,0.09557357083575548,5.493045240605313,106,0.5465461796801474
2016-05-14,0.11381850372358036,6.0047289678432305,104,0.709224576391742
2016-05-15,0.10709018679984963,5.386806853615133,93,0.5632667315547943
2016-05-16,0.08054937138477916,5.487219079195634,73,0.4940163955026436
2016-05-17,0.13141724298985155,5.96869897279764,140,0.8194243314895882
2016-05-18,0.09035874352748895,5.979143897560188,120,0.5017092829601951
2016-05-19,0.09310938595565342,6.037859842722749,171,0.5449061763647811
2016-05-20,0.14867581279485093,6.200915982518682,146,0.91658232377464
2016-05-21,0.1698072869725467,6.031428469110642,149,0.9870332348998104
2016-05-22,0.16783933135632512,6.029879004317166,73,1.107196032103053
2016-05-23,0.1322028898223479,5.571854277054029,80,0.7645645104248352
2016-05-24,0.1853258678120524,6.053449267603948,116,1.114269105586308
2016-05-25,0.13563249483499557,6.077960333632062,136,0.8471948437515993
2016-05-26,0.14503294551282644,5.971009811670738,93,0.889512607471379
2016-05-27,0.18078552760887262,5.74949470494925,84,1.077046485395623
2016-05-28,0.1889447718491571,5.6271258236726736,105,1.036004418458521
2016-05-29,0.11082827311450785,5.759842168063906,118,0.6752472322407442
2016-05-30,0.10481246926130382,5.862445308911549,182,0.6073717763111403
2016-05-31,0.10235066583415758,5.895407103323047,95,0.5878851603547414
2016-06-01,0.12139907587906015,5.748351368929465,91,0.7664990676918242
2016-06-02,0.12299397664435253,5.602629110186426,76,0.7767567794999624
2016-06-03,0.11631065198029489,5.611210549088371,63,0.7138728579456814
2016-06-04,0.11318555790813924,4.800101439753558,39,0.47583044442870176
2016-06-05,0.06697729113482703,5.708991876476871,40,0.3949157049333973
2016-06-06,0.10802108010654926,4.337602268497056,53,0.28537758270214847
2016-06-07,0.11623891261785468,5.818353111101657,101,0.6877347576545398
2016-06-08,0.13309763281606002,5.698103431808499,134,0.7778365886882552
2016-06-09,0.1362980719362763,5.80375565275776,110,0.8105763347541812
2016-06-10,0.24917056772203824,5.412451634987133,34,1.389338397185364
2016-06-11,0.16889190857974426,5.358018298708442,49,0.9387509034638626
2016-06-12,0.2297744002661282,6.126178998602938,68,1.4185188607467936
2016-06-13,0.09091479111085699,5.347501818387669,27,0.4568169477900178
2016-06-14,0.2470014185340743,5.5810464077848065,47,1.4145194292836352
2016-06-15,0.1428006355279518,5.280194154442477,112,0.7607733126558134
2016-06-16,0.10451731803232132,5.201325216114397,52,0.5052095382465717
2016-06-17,0.08584916559450796,5.965313478440322,99,0.48066875487107574
2016-06-18,0.12035559461889044,5.432124009949102,94,0.724147194321848
2016-06-19,0.15263673107201553,5.849468625202557,91,0.9265720924424289
2016-06-20,0.13151212195811765,5.6396468069064865,112,0.7590906372488606
2016-06-21,0.1687990859753288,5.6351924119897765,104,0.9993798456364226
2016-06-22,0.1515039565512707,5.641121239129187,115,0.8390803729257824
2016-06-23,0.12426979412545731,5.759979539269701,133,0.7101361269431047
2016-06-24,0.15688002403993243,5.582028281500794,142,0.8514450304170714
2016-06-25,0.176937922019462,5.956723872507153,143,1.0273795768275646
2016-06-26,0.09612241396283355,5.897914226929534,126,0.6008875062582313
2016-06-27,0.09852841241176337,5.979801394005927,179,0.5648082066857464
2016-06-28,0.11696473955370844,5.558991302613522,157,0.6622121650598971
2016-06-29,0.11798811179050449,5.7074428234893935,133,0.7326245765645728
2016-06-30,0.10410815475457816,5.7885872196418715,133,0.6133348358439868
2016-07-01,0.1445969942991897,5.74318898553908,84,0.8389569841298102
2016-07-02,0.06915771367335712,5.707775373900572,66,0.3832575803685979
2016-07-03,0.07763591497126154,5.985067134205267,48,0.4726597937017338
2016-07-04,0.15676564713423075,5.477179343722605,77,0.8772827650012144
2016-07-05,0.18472219459601324,5.712395295711468,104,1.1079778154867665
2016-07-06,0.1991260496866537,5.96593968097618,97,1.2142916947703752
2016-07-07,0.11591792476123992,5.7598515943281425,28,0.6784062439138339
2016-07-08,0.11224503604835516,5.8477194030114115,66,0.6221257144874219
2016-07-09,0.12780168156791466,5.965355794778257,69,0.7530493416024379
2016-07-10,0.10889757454460611,5.689211388539235,77,0.6475422999315744
2016-07-11,0.03857389305991279,6.036916554828408,130,0.21343432013247451
2016-07-12,0.07242668908277576,5.654624737640937,146,0.43149466082872406
2016-07-13,0.10669812786964313,5.992748814939435,112,0.6721877174302087
2016-07-14,0.13493101154077627,6.160052984254357,174,0.8302196750213723
2016-07-15,0.09612963841678508,6.040385629621447,77,0.5187527829691734
2016-07-16,0.11549496139957442,5.789514897837922,123,0.6380161392184458
2016-07-17,0.09589462960116814,6.150461898505897,84,0.5873264354090425
2016-07-18,0.1651363409659115,5.999660433610994,128,0.9944174775524395
2016-07-19,0.1546404785178859,5.545833413569758,122,0.8024689845846931
2016-07-20,0.12283165916029276,6.010423656522536,102,0.7508852003688818
2016-07-21,0.12363500880982609,5.863669297642287,118,0.7298215748167157
2016-07-22,0.16388151712104668,5.521272840234559,69,0.9766201196944521
2016-07-23,0.058246915887735666,5.757415954102222,90,0.41300190422310984
2016-07-24,0.12913270656128004,6.116280561176835,97,0.8156935911438032
2016-07-25,0.11040710328232742,6.094139935986766,142,0.6847983467592336
2016-07-26,0.15883876743826006,5.8856200656013336,134,0.9650428153887847
2016-07-27,0.11923510249085686,6.061550870406271,77,0.6958489154120707
2016-07-28,0.08130804487193513,5.912529321664127,89,0.4505714158657229
2016-07-29,0.02691971121361004,5.462317899682951,42,0.18395930603621746
2016-07-30,0.12991576545147976,5.084014829477591,21,0.4416589574698684
2016-07-31,0.18627459552341488,5.428668416403049,33,1.1060340832931594
2016-08-01,0.10950586765023258,5.881280106701317,62,0.5763538630791974
2016-08-02,0.01704389395208557,5.645048438512766,142,0.1296086694907823
2016-08-03,-0.07025100536229963,5.576543435388685,52,-0.14467008488966668
2016-08-04,0.11921001518322948,5.875228452930685,54,0.7237056114283655
2016-08-05,0.053145199221092086,5.882724684969989,74,0.32446982643268873
2016-08-06,0.16167565685422605,5.851691052804566,32,0.9775072597432981
2016-08-07,0.1294313786972185,5.638973279765207,61,0.6937435704252402
2016-08-08,0.11097170136861698,6.013696951592847,49,0.685750830031716
2016-08-09,0.13427880290075864,5.34408702663095,50,0.5014979051717893
2016-08-10,0.12763023201245605,6.009132002472561,33,0.8381121929631147
2016-08-11,0.1854916315999639,5.929315696159138,102,1.1169326072264336
2016-08-12,0.13302624940221536,5.364312611070837,63,0.7520155218404364
2016-08-13,0.12291876600075217,5.468751807024093,68,0.6727618931908992
2016-08-14,0.13327153835089367,5.3387867492693815,72,0.7554703859876164
2016-08-15,0.12193911521529222,6.099653128015424,80,0.6992370101325378
2016-08-16,0.18428459281174872,5.699570260046019,142,1.0716882563177552
2016-08-17,0.09499016105060441,5.9596435537564645,119,0.541001180906324
2016-08-18,0.1305621200500402,5.883901139297558,54,0.7802127685935835
2016-08-19,0.17264667493077707,5.952291269767048,143,1.0389742954918193
2016-08-20,0.17164866145356375,5.966785832446768,103,0.9806559159663375
2016-08-21,0.12839528844638684,6.037319420824869,103,0.7612670410638668
2016-08-22,0.15190434449667017,5.937445935757355,56,0.9298617970598213
2016-08-23,0.2502801431023798,5.010899579010336,82,1.1794141655777748
2016-08-24,0.22801033199818632,5.561391370999923,39,1.2697118128927483
2016-08-25,0.15226098199741778,5.947907938190263,55,0.887970552852924
2016-08-26,0.16754335330158077,5.980031597197853,43,1.0062552566788379
2016-08-27,0.1064484615263058,6.082221849075969,81,0.6135425107605877
2016-08-28,0.19226541955651064,5.860804318332182,207,1.105046530949131
2016-08-29,0.16103499258604317,5.61086959934089,185,0.8757107815092016
2016-08-30,0.16020867280842968,5.324837985484678,158,0.7916330978385951
2016-08-31,0.155616349476396,5.50994238256351,205,0.8124954024349486
2016-09-01,0.1417239270328231,5.877626020417221,189,0.7720971073739736
2016-09-02,0.15049591644215213,5.6705269346038785,98,0.8547171535687195
2016-09-03,0.12063900834622458,5.529575354270005,145,0.6594126174304148
2016-09-04,0.1701019377261768,5.644780656110481,89,0.9259732007375943
2016-09-05,0.11901235732313792,5.86245602202188,228,0.6905651507425737
2016-09-06,0.12090333010060253,5.93739333048045,154,0.694801869151717
2016-09-07,0.12376032574537371,5.929904549796286,151,0.7490502610529941
2016-09-08,0.09382933646290458,6.006270218607327,162,0.5580670998922128
2016-09-09,0.0857645064546918,5.84818538135161,189,0.4459347255300962
2016-09-10,0.11363711597597494,6.056987739712297,215,0.6840202419651261
2016-09-11,0.10341667941137503,5.94104909244717,110,0.5855144236295182
2016-09-12,0.07408965981389908,6.015329063561871,187,0.46030895133906324
2016-09-13,0.073759674100939,5.859672815956113,219,0.47042084547259044
2016-09-14,0.15529978052264323,6.209567108610617,96,0.9499090338000579
2016-09-15,0.07932301843677275,6.054901021915545,68,0.42997883960897343
2016-09-16,0.11815802295866705,5.784642643631448,150,0.6522856900282913
2016-09-17,0.15182117736659775,5.950780338847056,204,0.9159173589249635
2016-09-18,0.14509917990652677,5.856651996338387,69,0.7952592203138407
2016-09-19,0.13672052719280162,5.47104179361507,42,0.7437712560830176
2016-09-20,0.17020623038060165,5.763936679594002,85,0.9485706099726124
2016-09-21,0.02902046413628034,5.682492938552469,120,0.13024745123430795
2016-09-22,0.1326080706522989,5.823507506285097,85,0.7533487127284891
2016-09-23,0.1731555713039721,5.763262470403664,79,0.9783800737338273
2016-09-24,0.16959902065874982,6.013147633457626,232,1.0111033790791755
2016-09-25,0.17611086609549173,5.813520559500304,175,0.9940238986031016
2016-09-26,0.14169971791814595,5.857705588499045,146,0.8510817262005227
2016-09-27,0.12992980178708657,5.948634589226745,107,0.7901846080721108
2016-09-28,0.15090541336330437,5.984807751392051,165,0.9279492816226511
2016-09-29,0.13521439748390013,5.5209467591059935,89,0.7189264124911752
2016-09-30,0.17752909206944995,5.228924775908699,117,1.000209621660018
2016-10-01,0.06692332739922142,6.1798972564478785,90,0.40432526190373813
2016-10-02,0.17121042644217507,5.908998445393305,86,1.0280224645638218
2016-10-03,0.15610434297771658,6.1452435754493635,87,0.9272103426261946
2016-10-04,0.14463699260093038,5.463392391214181,85,0.8055263105064268
2016-10-05,0.1144477147114713,5.733442032877269,98,0.6491187359251929
2016-10-06,0.15254968574514474,5.756059917400916,91,0.87463197988076
2016-10-07,0.13478300864958953,5.791428424559906,104,0.7868161267029308
2016-10-08,0.1139890014170454,6.103505519967404,152,0.6734616638928064
2016-10-09,0.12057927375171187,6.057761352952348,116,0.7037017270149569
2016-10-10,0.15511301271655548,6.140248135081155,101,0.9718787947154606
2016-10-11,0.10913426196023611,6.126578070985988,61,0.666900454047558
2016-10-12,0.18027775946149086,5.8282697106363255,56,1.090233908341043
2016-10-13,0.18354730911029468,6.00653428001901,60,1.1164036110514794
2016-10-14,0.11920674264891562,5.685198409259948,36,0.6216181925726589
2016-10-15,0.12660630440336312,5.482465827768732,102,0.7162785293510849
2016-10-16,0.14975510609688616,5.812099703552616,148,0.8210847886193878
2016-10-17,0.15790042450144537,5.568670654210544,129,0.8581864623927117
2016-10-18,0.11130121185862021,5.840147064099914,139,0.6352680857385887
2016-10-19,0.15372411547289735,5.986326672879309,186,0.9244515790857435
2016-10-20,0.1367726978572388,5.898672337342002,183,0.8127637624385726
2016-10-21,0.13269947182594916,5.947613295269349,142,0.7921010628417756
2016-10-22,0.11618972011804163,5.763998717236884,124,0.6450515442920177
2016-10-23,0.1186994861990066,5.573145265595037,105,0.6785965836382425
2016-10-24,0.14938529755112354,5.784269098171632,95,0.8746906849364363
2016-10-25,0.1571938433941265,5.489639206066464,97,0.9230592952710506
2016-10-26,0.13415340926660851,5.172827359416155,93,0.7631678104620492
2016-10-27,0.11950523384267633,5.850838315305191,116,0.717445075372585
2016-10-28,0.13349355685380251,6.022713414968076,73,0.8514491904505189
2016-10-29,0.1179913443093781,5.5958704212410995,80,0.6696763787345974
2016-10-30,0.1074669725014274,5.857245836372458,49,0.5959636494677732
2016-10-31,0.1849551197490844,5.808997147953201,83,1.060601936676419
2016-11-01,0.1725747225147746,5.679041750324109,140,0.9614707303544108
2016-11-02,0.12355001562161863,5.633076906089441,204,0.6949176617962809
2016-11-03,0.15019509704197148,5.775307226092061,137,0.8823952149947158
2016-11-04,0.08444101129122361,5.827722971487259,154,0.5428423004535395
2016-11-05,0.18861081575409347,5.648714254310114,178,1.102792295874567
2016-11-06,0.19132310964974383,5.976584214079852,150,1.17177695450485
2016-11-07,0.1274956430782848,5.651365148569832,180,0.7033371847305149
2016-11-08,0.14426169773981537,5.9214074312407226,182,0.8814519432178511
2016-11-09,0.16315611670241012,5.706352227809628,130,0.9432353064822077
2016-11-10,0.12791772989386724,6.008142532229301,192,0.751818964494388
2016-11-11,0.1375089967828679,5.727662755830907,172,0.7691968619885821
2016-11-12,0.13935101349928547,5.769990629270395,207,0.801253886045013
2016-11-13,0.12322510461925475,5.655044587621888,200,0.7023425112304045
2016-11-14,0.18941850258846155,5.58648143651631,179,1.0879597942133492
2016-11-15,0.1888584295407287,5.761581572139676,180,1.0733155535184413
2016-11-16,0.13261469533462947,5.706203815453686,122,0.776388074765688
2016-11-17,0.17323455107891308,5.579191562102089,135,0.9922305487369251
2016-11-18,0.13748841055977934,5.801247090276841,150,0.7724570543410909
2016-11-19,0.14126713181649792,5.877010398299832,209,0.8473581953272699
2016-11-20,0.11589168537046755,5.827660280824473,221,0.6604891024527967
2016-11-21,0.10622735976693656,5.593589609138972,185,0.6340722516631743
2016-11-22,0.1159396721755035,5.797344152749889,195,0.6713376734205093
2016-11-23,0.14139553537489227,5.7723785450677285,194,0.8166828615319353
2016-11-24,0.12435181236435068,5.677689892316241,180,0.6727922484131552
2016-11-25,0.13659622294139548,5.865870136955517,209,0.7909972909243311
2016-11-26,0.11621416959243785,5.91204872111662,124,0.7081609292053845
2016-11-27,0.1631400799502549,5.8186104311562605,242,0.9229790597994193
2016-11-28,0.16709495158034215,5.55318693742231,176,0.8762354912562172
2016-11-29,0.13610281263515853,5.742212397240903,163,0.7242012131424888
2016-11-30,0.1290625576307317,5.849534035232161,208,0.7491487078385888
2016-12-01,0.09477657194872227,5.8129835361631645,220,0.5776297140539163
2016-12-02,0.12329952403138612,5.899330976167851,228,0.7631153142212117
2016-12-03,0.1357929244227855,5.698155171789002,202,0.784799553383666
2016-12-04,0.14249343245801543,5.835788468872993,279,0.8227390825928468
2016-12-05,0.11805450691809123,5.761519449042206,285,0.6858970838775501
2016-12-06,0.11975390629202758,5.607152871753937,227,0.6787150642129486
2016-12-07,0.11902032891108595,5.910384028807298,240,0.6594322110914443
2016-12-08,0.14226581618523956,5.762706326890321,341,0.8157919914863367
2016-12-09,0.13995719326503261,5.96888556063612,179,0.7953741082776866
2016-12-10,0.15356635155663034,5.871125882256793,153,0.8843337788219892
2016-12-11,0.1878773198817014,5.929931150097326,132,1.1284299678840164
2016-12-12,0.1572979084852656,5.523094360400264,182,0.8586728226129133
2016-12-13,0.18847949692801652,5.430296573154246,170,0.9960667922771009
2016-12-14,0.14930670184025174,5.91878957277928,251,0.8571274465118865
2016-12-15,0.14023874418703752,5.626815129539228,270,0.6796796784759402
2016-12-16,0.16726639040117414,5.8686109370535595,175,0.9526960027161286
2016-12-17,0.15241433865891968,5.755030105036521,209,0.8597803618957216
2016-12-18,0.1229581075398922,5.9769394683360275,208,0.7171036357460636
2016-12-19,0.18825774242612803,5.630643072864026,220,1.0535707189404004
2016-12-20,0.13437454035604723,5.942956028225051,304,0.779423791222563
2016-12-21,0.12351771153410121,5.710099660226913,305,0.7073362679850914
2016-12-22,0.11189752238710189,5.766374745274068,436,0.6411975452098224
2016-12-23,0.1456056761721105,5.786422476336237,293,0.8223346846861882
2016-12-24,0.1622073189009314,5.928000044484119,311,0.9645965663490418
2016-12-25,0.13294240326647244,5.970253079236642,317,0.7909117827987667
2016-12-26,0.14934718501607055,5.796597123025166,330,0.8581651664232226
2016-12-27,0.1533161230729752,5.664942185510477,329,0.878787541837733
2016-12-28,0.14751251335131332,5.625611530232734,351,0.8667575711824227
2016-12-29,0.1415907883783165,5.6333928141576886,309,0.8213751293975629
2016-12-30,0.13118421020207788,5.818385567452186,217,0.7440807002823246
2016-12-31,0.13388444773768463,5.739208850931435,237,0.7629966837912556
2017-01-01,0.10768714786764562,5.822297299278377,252,0.5887142067248463
2017-01-02,0.11485637784378487,5.940281390609711,238,0.6978932719784632
2017-01-03,0.13346150161945292,5.874432168364349,351,0.7996257662137125
2017-01-04,0.12148871590791292,5.484842704467904,323,0.7103301548694257
2017-01-05,0.16280302531644583,5.544546333583699,404,0.9211667381170257
2017-01-06,0.13868675341314207,5.830154590027239,425,0.8134005895667477
2017-01-07,0.15323637757970807,5.6186423560162275,457,0.808308040859509
2017-01-08,0.11825520381782872,5.755692901416878,372,0.7082196534946376
2017-01-09,0.17370078584645954,5.504052436361018,237,0.9526084651584028
2017-01-10,0.16068884087648602,5.5173844420452935,321,0.8534955343118033
2017-01-11,0.17829155579446118,5.53635031099987,343,0.9622465296192645
2017-01-12,0.18210443213227387,5.371424370833376,368,0.9772490568708557
2017-01-13,0.14667353114377227,5.518398454969079,307,0.7928270671723163
2017-01-14,0.13603026225366216,5.960364065720797,320,0.8076111472178331
2017-01-15,0.14764731718857524,6.0004310766027755,243,0.8628256475311101
2017-01-16,0.11544116581614108,5.80293193619759,382,0.6978029808610969
2017-01-17,0.1287660798246643,5.548712709910634,426,0.7129455219331892
2017-01-18,0.12204725432094203,5.6990890764334425,419,0.6976574580312501
2017-01-19,0.13276512302062915,5.859281495816017,447,0.7643454103730184
2017-01-20,0.13473778282319382,5.708818314695223,410,0.7778293331794603
2017-01-21,0.14329783755204,5.712542971020979,447,0.8028294188882936
2017-01-22,0.12538540287092298,5.82170479923303,624,0.7320501800696989
2017-01-23,0.14003350361219774,5.842832179586288,712,0.8271550217094805
2017-01-24,0.12974163495811297,5.930122710716304,831,0.7545060337058139
2017-01-25,0.12404993252439388,5.831722172869549,685,0.6981963622731967
2017-01-26,0.1389654657811458,5.776534881484844,714,0.792628694296211
2017-01-27,0.13425585910791354,5.827317708523631,696,0.7747325274841081
2017-01-28,0.14625969315894677,5.954074360697512,590,0.8572377590161416
2017-01-29,0.14851275605067796,6.0076036107543125,715,0.8903606143403839
2017-01-30,0.1176984742809015,5.919755567189802,677,0.698496969460795
2017-01-31,0.116825987886125,5.8200557484405335,558,0.661781444537453
2017-02-01,0.12052728748492374,6.158092702621951,682,0.7407519366356508
2017-02-02,0.12517716042518726,5.911073932539737,793,0.7367777454558285
2017-02-03,0.11427694531836072,5.920950549539546,706,0.6779806070080888
2017-02-04,0.13753187499391778,5.881007381794775,646,0.7980025345024764
2017-02-05,0.10833469089150595,5.9817111369746945,803,0.6414336561994305
2017-02-06,0.11324419788389446,6.001198947212479,615,0.6725580792628375
2017-02-07,0.1237956744029559,5.952389814710245,595,0.7495824098112053
2017-02-08,0.11855326940681413,5.896673013845844,627,0.6885952511248499
2017-02-09,0.12322966262218672,6.0588350379934734,707,0.7325271362729591
2017-02-10,0.1329435854869664,5.964367823427633,685,0.7776658393500719
2017-02-11,0.13220788363027922,5.965028335647387,767,0.7878958860642763
2017-02-12,0.1574972848393029,5.862174222982678,718,0.9307781063841835
2017-02-13,0.14028042815941738,5.7884657327717965,713,0.8099907906208059
2017-02-14,0.13847805404007846,5.674986839611579,651,0.770428849447339
2017-02-15,0.13642884392672208,5.891270938094634,578,0.804341116080182
2017-02-16,0.10251421485196717,5.775118689795673,595,0.5698469574267652
2017-02-17,0.11412530308167286,5.768090981193635,499,0.6484266886548764
2017-02-18,0.10244826896171029,5.785828278105762,515,0.5816262352698106
2017-02-19,0.12796306223618747,5.788981111273291,513,0.7334588659313079
2017-02-20,0.120732051751777,5.60626683243825,601,0.6658011926935217
2017-02-21,0.13797432635371554,5.6029969306979215,538,0.7736584127778574
2017-02-22,0.1153832831635504,5.534142635905953,652,0.6003564481887779
2017-02-23,0.11243097136761265,5.567300969226637,612,0.6191793475332882
2017-02-24,0.1283905941840457,5.890175181733343,621,0.7405244700060988
2017-02-25,0.12383990966007914,5.997690656661246,764,0.7305756504257239
2017-02-26,0.12533016154890977,5.894864796283277,705,0.738335573759162
2017-02-27,0.14279360557974105,5.896905546481234,652,0.8377362489258081
2017-02-28,0.12340558195807287,5.840840752547513,688,0.7009466234910715
2017-03-01,0.12039538343132462,5.801512224433288,594,0.6951116295336733
2017-03-02,0.11476883963990901,5.782113403416202,687,0.6708425369862997
2017-03-03,0.11858689765158334,6.0597087166037875,890,0.7101398005424892
2017-03-04,0.13283467850858224,5.975590822597805,857,0.7974309054861661
2017-03-05,0.11995355723964964,5.9675452689076565,798,0.7260162428254797
2017-03-06,0.12963038578346467,6.059720757902404,615,0.7731919177827837
2017-03-07,0.09077908509202909,6.001106797623213,690,0.5201644740807346
2017-03-08,0.10252848413622781,5.957751830418231,736,0.6043574761086937
2017-03-09,0.10777353335480967,6.047601863948471,806,0.659575215156306
2017-03-10,0.11919416168050062,5.914671101492939,883,0.7091894997666802
2017-03-11,0.11560267238219712,6.019252365959986,819,0.6669114179354609
2017-03-12,0.1240666985748534,5.966531122486546,670,0.7404496540667235
2017-03-13,0.11717831133821721,5.984293291036059,679,0.7031127326849996
2017-03-14,0.10974015981866851,5.950588154823491,751,0.6469462855283551
2017-03-15,0.09649549392876987,5.888646286247123,907,0.5622900170623004
2017-03-16,0.10865656942922972,5.995470543984687,722,0.6552311996953822
2017-03-17,0.13917932878047318,5.81939903989832,927,0.7892708091751521
2017-03-18,0.1054171988971829,5.964482462225623,830,0.6278722354011654
2017-03-19,0.10618553131066165,5.848472778415771,968,0.6210662575422947
2017-03-20,0.11868418788997451,5.89978198113734,852,0.6983362753959996
2017-03-21,0.09034581448166036,6.069720569970043,735,0.5303288006143302
2017-03-22,0.09735433395952225,6.003895644373657,743,0.5884665001065188
2017-03-23,0.1019353952499915,6.012522920330418,750,0.6074462951906399
2017-03-24,0.11563263206050688,6.093955625703316,803,0.6872890688391605
2017-03-25,0.08344796942542151,5.973754729356613,827,0.4932606450995184
2017-03-26,0.11266914422238186,5.863579178604133,713,0.6597374360420902
2017-03-27,0.11476587676097844,5.792975371124706,779,0.6794249863167735
2017-03-28,0.09617501146143213,5.734191154635159,655,0.5400932480268145
2017-03-29,0.12509523409525264,5.787648982952866,679,0.7023024540087043
2017-03-30,0.12855293872888493,5.931279301228875,584,0.7694509030423401
2017-03-31,0.13388397607248867,6.046885014533671,610,0.7983196452189928
2017-04-01,0.13066573774364837,5.743705743810809,515,0.7159658164973487
2017-04-02,0.1204032972395737,5.720548803035839,590,0.7092471020497726
2017-04-03,0.13028919517358498,5.776417011009033,745,0.7349223484031596
2017-04-04,0.10702758973952187,5.9202162557212965,815,0.6308321263214338
2017-04-05,0.14039033734496273,5.817243171870534,698,0.7865041257091294
2017-04-06,0.07906826413586923,5.986170464025871,1095,0.47066133926582
2017-04-07,0.07997667739323105,6.010988247502121,826,0.4823509513152067
2017-04-08,0.11314216589369169,5.871666493640301,915,0.6568041611104832
2017-04-09,0.11244269077975363,5.927919262376341,704,0.6549006884289802
2017-04-10,0.12650433247560935,5.733206688049879,768,0.706356301407692
2017-04-11,0.13331820763754507,5.849912063673378,833,0.7837631989939038
2017-04-12,0.13222367578102975,5.771910975646356,665,0.7455009296456341
2017-04-13,0.13722130106539987,5.7673917540314505,843,0.8025289888306656
2017-04-14,0.10875151189585562,5.951484199352321,822,0.6336010029662931
2017-04-15,0.12101731148986823,5.95055812860692,808,0.719888754473381
2017-04-16,0.09425138128555106,5.965581520045464,705,0.5571041871820067
2017-04-17,0.13744931259515109,5.702797978735781,706,0.7806507787163015
2017-04-18,0.1042008184642741,5.620482615612899,708,0.6117171988310276
2017-04-19,0.1314002811683694,5.794158732515352,786,0.7457089807712952
2017-04-20,0.13316322714105944,5.7645787225500404,753,0.7549242381119693
2017-04-21,0.13494483085433234,5.859872543994718,545,0.7426400360727198
2017-04-22,0.1244357008696048,6.1024155070272545,618,0.7242090930688889
2017-04-23,0.13307679158436764,5.978616552494778,756,0.7699289761664468
2017-04-24,0.13347184281551946,5.830636664975669,890,0.7818871707452468
2017-04-25,0.13159088685922993,5.636569580408879,663,0.7204151340180507
2017-04-26,0.11962084455956526,5.732035241934039,764,0.6762623266493011
2017-04-27,0.13265253292715604,5.944683361629975,707,0.7629495926200834
2017-04-28,0.0989310699156909,5.969684042694363,578,0.5767555235977477
2017-04-29,0.12916357773629397,5.863987767142914,650,0.7169066487115434
2017-04-30,0.11463267718895925,6.013854637776165,667,0.6825032533519287
2017-05-01,0.13658172370171204,5.973723839204996,675,0.8015782520943695
2017-05-02,0.1188997569102593,5.838863230993334,691,0.6793545362200023
2017-05-03,0.1532426335630917,5.759635499978552,708,0.8682710071416421
2017-05-04,0.12990725418780627,6.0270464916154705,672,0.7705107052019435
2017-05-05,0.14646307227157246,5.705773582794786,950,0.8269912993726573
2017-05-06,0.12949446310757656,5.930458834405128,682,0.7754442414005355
2017-05-07,0.14520166693390774,5.81814056235657,655,0.8554903517917918
2017-05-08,0.17052336845931296,5.734339845856555,711,0.9531864187384903
2017-05-09,0.16969785274294782,5.840582406769455,681,0.9847822569356667
2017-05-10,0.15146448677331112,5.929383061719687,788,0.8929184584982872
2017-05-11,0.14826477688311474,5.781188793825899,917,0.8473106154441461
2017-05-12,0.13292001249390586,5.917241213772478,836,0.7820335647368412
2017-05-13,0.12828328908937284,5.942466919367541,919,0.7496303024946941
2017-05-14,0.13129553307290923,5.845321727746846,864,0.7583208872983411
2017-05-15,0.13392587841481374,5.761436849823077,962,0.7440562494938099
2017-05-16,0.12231581600775919,5.851866198139675,873,0.708307728865683
2017-05-17,0.11629882260435473,5.905979565365639,992,0.6673113535204961
2017-05-18,0.10723144203492728,5.729007023833036,961,0.6054732701364577
2017-05-19,0.11249027142535248,5.734417803955937,782,0.6286890848380645
2017-05-20,0.10732544908998275,5.62150177425122,632,0.5898824964864879
2017-05-21,0.11472127728061951,5.766675623404511,894,0.6712748813877824
2017-05-22,0.13012965010031496,5.866590366379186,1032,0.7407632356561886
2017-05-23,0.14117851300281387,5.717222261274815,1019,0.7772714596491264
2017-05-24,0.12672828772498654,5.955667095615171,1094,0.7279164786641075
2017-05-25,0.13824994394699833,5.831722086204624,912,0.7871463509237665
2017-05-26,0.14992537363250943,5.483476659481131,1069,0.7833930350387601
2017-05-27,0.13312962165024095,5.295072198897917,841,0.6713577176615689
2017-05-28,0.12637774786101044,5.396444533753937,1247,0.6866139050998303
2017-05-29,0.12705680744271503,5.099915199713716,1491,0.6271924210866061
2017-05-30,0.12875600945624013,5.509796349857587,1232,0.6872025697751043
2017-05-31,0.14415212812287675,5.4637941557634315,1214,0.7813183049587719
2017-06-01,0.12069637045135663,5.664834633087978,1115,0.6619492939146153
2017-06-02,0.14293448837206937,5.628429430077224,1060,0.7864705898720386
2017-06-03,0.1383411707687861,5.907277191726718,1150,0.8268589485941034
2017-06-04,0.13804317018493759,5.7588743400629685,1087,0.7808674977821584
2017-06-05,0.13382436171563683,5.485819705526327,1101,0.7186407193170072
2017-06-06,0.1271056031266977,5.550875763387523,1228,0.7052314674951243
2017-06-07,0.13951330317237054,5.507070997328134,1179,0.7618662846490339
2017-06-08,0.12588051526227814,5.373721119817516,1054,0.6675176998379383
2017-06-09,0.1316374516917195,5.549145499764295,835,0.7144652554005629
2017-06-10,0.13485406780107756,5.588891751923943,921,0.7265581395190147
2017-06-11,0.13073501903454185,5.625435378908348,922,0.7319436307831635
2017-06-12,0.1323988490310398,5.512347185446362,926,0.7255340476293866
2017-06-13,0.13061278317849548,5.200059649868779,1039,0.7002776900926729
2017-06-14,0.11701850705144722,5.550712892406333,931,0.6438240399616049
2017-06-15,0.1277510961281673,5.278059960991519,872,0.6904506023284152
2017-06-16,0.13248428757791725,5.148452605695173,949,0.6792270413991826
2017-06-17,0.1399672043919332,5.366769835404486,763,0.7690912426818464
2017-06-18,0.12325313043198433,5.282660285799968,700,0.6714434955621409
2017-06-19,0.12400359266145901,5.602188428974967,797,0.6970205737600712
2017-06-20,0.12737231292103,5.4840289327728655,835,0.6711552530126946
2017-06-21,0.13691594087360304,5.395355576747323,1139,0.7348087003166098
2017-06-22,0.1416626031355619,5.439852898525441,775,0.7579566990537924
2017-06-23,0.1397264249983964,5.310799861843223,942,0.725037950025354
2017-06-24,0.15344063447515482,5.522028850050853,682,0.8184277635424175
2017-06-25,0.14276633083040682,5.609218809259559,792,0.7828650209723697
2017-06-26,0.12590761028695494,5.534706954186847,893,0.685500952319537
2017-06-27,0.12992267883099007,5.409640818313661,891,0.6794348533993987
2017-06-28,0.15116283456614996,5.65244044890155,687,0.8485021314643942
2017-06-29,0.13701024564826986,5.366645146907195,875,0.7214748259798316
2017-06-30,0.11408867628971604,5.482206420952461,719,0.5884931938097919
2017-07-01,0.12147439553139662,5.54433368844845,718,0.6401099338895541
2017-07-02,0.12172612696198748,5.51507866833331,735,0.6746035134741728
2017-07-03,0.14951144519136023,5.501694991635898,787,0.8265934676877452
2017-07-04,0.14719769586905615,5.205613772484555,864,0.7600669112649415
2017-07-05,0.149290625233251,5.404134596087859,714,0.7930795178610343
2017-07-06,0.13943973566980042,5.307626867932982,786,0.7348857400926377
2017-07-07,0.1376246702196697,5.461131955369527,728,0.7460747575299179
2017-07-08,0.1321176070770373,5.36697388462979,802,0.6891214122887236
2017-07-09,0.11541000154812077,5.488414067468863,805,0.6279872044400558
2017-07-10,0.1478895563101912,5.31530729556524,856,0.734854662438503
2017-07-11,0.13354634160429243,5.461223751621645,795,0.7111299273077001
2017-07-12,0.12261770682835915,5.418346615939179,919,0.6416980110110603
2017-07-13,0.13123683098666122,5.090773656473208,1009,0.661677783950246
2017-07-14,0.12768296830193562,5.230767379165407,886,0.6429148234157086
2017-07-15,0.11516248106269607,5.261364309472988,874,0.5909760413483955
2017-07-16,0.11382386942580239,5.353496658020294,947,0.595947791326094
2017-07-17,0.13880079584678115,5.40926034796197,865,0.7156090506425217
2017-07-18,0.1213454804026387,5.100295229303513,809,0.6047801529570066
2017-07-19,0.13811202902255046,5.110080432698911,898,0.6901117196428971
2017-07-20,0.12794005535917696,5.334973021278232,1160,0.6730244517567195
2017-07-21,0.12977715134624163,5.414965249484861,902,0.6961290433684698
2017-07-22,0.14203842330797126,5.32322013538699,915,0.746737597038774
2017-07-23,0.1436920981732219,5.420261287050614,935,0.7569864210340581
2017-07-24,0.12982532243689948,5.210925670685009,975,0.6661480246150102
2017-07-25,0.13668396268148733,5.110001503035916,875,0.6854866175472216
2017-07-26,0.12045679186385073,5.19390238564357,887,0.6401618955183986
2017-07-27,0.11371822912984755,5.205779767892304,1144,0.587208761314052
2017-07-28,0.15447078633325897,5.179019371493547,1032,0.7827550716773997
2017-07-29,0.14566054518901916,5.1482454159488,966,0.7588664568684638
2017-07-30,0.14736914015466338,5.200094139827215,933,0.7656425517489658
2017-07-31,0.14518592953457088,5.182567360180667,1163,0.7607034654740246
2017-08-01,0.1289382404262638,5.037953079024323,1270,0.6369551760433436
2017-08-02,0.12335200718240187,4.940507803905907,879,0.600387946267388
2017-08-03,0.13400579967887338,5.196918778152058,1051,0.6994701078432729
2017-08-04,0.11832856481148521,5.1834333083195325,962,0.593136210116941
2017-08-05,0.13878453968068885,5.220910585308973,832,0.7239348226817126
2017-08-06,0.12125519190863972,5.339361396794654,887,0.6504655276385823
2017-08-07,0.1326702579396608,5.247952339483598,912,0.6834986430354643
2017-08-08,0.11019979756776674,5.20360667371001,960,0.5745935513226562
2017-08-09,0.12956186542490744,5.1676635727126214,994,0.6728259552400918
2017-08-10,0.1541988653548166,5.206296408656859,965,0.7975654706984622
2017-08-11,0.15733695873888787,5.196245694853724,943,0.8084585019916155
2017-08-12,0.128104251901877,5.215506412645088,896,0.660945347150892
2017-08-13,0.12747207549661332,5.443838182821344,890,0.6969119731672899
2017-08-14,0.1591244153744092,5.199755512472265,1147,0.796809717914049
2017-08-15,0.14406621324693544,5.154961609107387,984,0.7318360492437002
2017-08-16,0.12564750537955177,5.169011386996937,943,0.6424670129009707
2017-08-17,0.14085529985664566,5.081080565875061,1073,0.7056717084382391
2017-08-18,0.14751467860415965,5.189031028634532,1141,0.7519889905008896
2017-08-19,0.14421618590886912,5.079943979611314,1154,0.7178676744211101
2017-08-20,0.13345524008177145,5.153320894969461,932,0.6945214898319
2017-08-21,0.1277309705007724,5.208323179429717,933,0.670752091080069
2017-08-22,0.14913415896791038,5.289017769893034,1073,0.7833691017879567
2017-08-23,0.155257275065087,5.096104079010288,1001,0.7848305300996529
2017-08-24,0.1545197867127824,5.220511608224783,1045,0.8005986582223603
2017-08-25,0.12730568193990913,5.072606864269314,1036,0.6391331447213473
2017-08-26,0.12570407294673663,5.14687322654625,1060,0.6465004021395837
2017-08-27,0.125963759761634,4.984308174154485,979,0.6448868318665256
2017-08-28,0.12748483104661196,4.821593440685791,1102,0.6089208272547955
2017-08-29,0.12229146868572671,4.926756802770701,1277,0.5870460412499415
2017-08-30,0.1276377901997834,4.792840208271096,1338,0.6228584135018157
2017-08-31,0.14462939311872575,4.936243799573222,1130,0.7106928886238119
2017-09-01,0.1323991495888416,4.916589996186774,1126,0.6375390770296872
2017-09-02,0.13824355709731648,4.999919776872435,1027,0.6830383173168085
2017-09-03,0.13166311835387562,4.951580890104552,952,0.6500639650391865
2017-09-04,0.1536114662432954,4.773067911101089,1005,0.7657682926306262
2017-09-05,0.13386146577429453,4.822800931886685,1271,0.6382056958846272
2017-09-06,0.11885137948755879,4.801696797199372,1216,0.569483945035027
2017-09-07,0.13618328811077368,4.845642232344886,1183,0.6461141393720328
2017-09-08,0.12385311699035674,4.885375508587301,1321,0.5851893005024295
2017-09-09,0.12164316334854434,4.822728398055364,1324,0.5600951746886562
2017-09-10,0.13005008193161036,4.731355828924374,1230,0.6233389749620575
2017-09-11,0.13378731790288861,4.6554244737713875,1445,0.6259514343998456
2017-09-12,0.12348871411357716,4.576002307917753,1171,0.5596570269839457
2017-09-13,0.11257979505673522,4.682502881470337,1382,0.530741153262993
2017-09-14,0.09486776380293985,4.717520721350813,1656,0.4411754964708145
2017-09-15,0.11866900349864255,4.686189192095362,1914,0.5504633544191804
2017-09-16,0.12281577459099469,4.94552332548385,1555,0.5848823192180579
2017-09-17,0.11666397603342353,4.696250536771268,1278,0.5294372272822635
2017-09-18,0.11521984906705587,4.863759612547164,1229,0.5772119545314239
2017-09-19,0.11326690995433333,4.670233156242722,1627,0.5298395431597138
2017-09-20,0.11601127803246959,4.837561623782148,1728,0.5485483711319729
2017-09-21,0.11851731668746104,4.83112601405837,1637,0.5733415844327389
2017-09-22,0.11487375416888002,4.738337166445734,1370,0.5388864931028344
2017-09-23,0.11300714059428604,4.82201476915851,1109,0.5252158800569984
2017-09-24,0.12237981327211978,4.80643908687368,1138,0.5885610410641247
2017-09-25,0.13552210213749602,4.702632260387799,1435,0.633501875917
2017-09-26,0.1257860437210856,4.766920523609582,1551,0.6170058190898379
2017-09-27,0.12401824609407187,4.80052022993329,1433,0.609988076223452
2017-09-28,0.12861528280639034,4.739108903189939,1221,0.615811352915023
2017-09-29,0.13681086459225547,4.739585269536471,1550,0.6487449121543654
2017-09-30,0.1404585117841137,4.648154128110053,1505,0.6585926480661353
2017-10-01,0.1599326689446357,4.706002988507058,1442,0.7523366063812845
2017-10-02,0.1438879513834212,4.518020849968026,1614,0.6442329573144273
2017-10-03,0.14408345307920187,4.681036109554675,1432,0.6817616292979177
2017-10-04,0.13711961825711358,4.795534193229743,1302,0.656818047943084
2017-10-05,0.1358982022502722,4.5674810115920215,1735,0.6164777321154825
2017-10-06,0.12981854359616982,4.560268109120989,1236,0.5656970934916113
2017-10-07,0.1408395371697106,4.805288642368901,1394,0.6695688543007833
2017-10-08,0.1432024058937483,4.8556857554320745,1499,0.7085795170792977
2017-10-09,0.12643743394737345,4.554396593344042,1699,0.5815598750976294
2017-10-10,0.12811303510265218,4.624906156720325,1879,0.5852979519544056
2017-10-11,0.12264244549534785,4.476500315346235,1906,0.5507543290269787
2017-10-12,0.1339098929588991,4.389327420345643,1781,0.5828797017501179
2017-10-13,0.13488323261142546,4.448938543259242,1596,0.5732457325491316
2017-10-14,0.12172788018200131,4.351244921824105,1744,0.5386394815548827
2017-10-15,0.13250141472467325,4.404735246515453,2040,0.5669143571115643
2017-10-16,0.1259731360068922,4.2903533253837365,1935,0.5457551106880223
2017-10-17,0.13908064244045665,4.393802596819646,2066,0.6055404316309677
2017-10-18,0.12876042188014664,4.324314094434194,1995,0.5551115772777196
2017-10-19,0.1333910070784923,4.451376044051978,2020,0.5891756361889036
2017-10-20,0.13354139822940084,4.5921266151568485,1592,0.6166170932199434
2017-10-21,0.12905221858600666,4.266515057338459,1763,0.5480353174185507
2017-10-22,0.12753658836087564,4.480226299888023,1872,0.5665458647636642
2017-10-23,0.12126957214552052,4.166381320572084,1606,0.5126573874900777
2017-10-24,0.1277559936613274,4.277432244388591,1973,0.543807033764272
2017-10-25,0.11796144537312357,4.275069440636336,1972,0.4906645074643067
2017-10-26,0.141607111158444,4.319226415790877,2184,0.6029344082438582
2017-10-27,0.1223127979793731,4.468067608344329,2154,0.5402067942720696
2017-10-28,0.13000323194387764,4.304734041897088,2189,0.5545929826307104
2017-10-29,0.12035471002500842,4.568300228238966,1874,0.5239798647234748
2017-10-30,0.13866706535479065,4.171158269969183,2023,0.570567423792033
2017-10-31,0.10812281385857428,4.127086628977697,1992,0.432993586477314
2017-11-01,0.13178142254351724,4.122560818786352,1862,0.5603330960199625
2017-11-02,0.13649824326855048,4.232779482066662,2211,0.5796274628846461
2017-11-03,0.13439209670122093,4.067494692383312,2368,0.5364527261531669
2017-11-04,0.14998730766437904,4.345407585945726,1891,0.635704814955206
2017-11-05,0.13472923210561819,4.286477202849688,1818,0.56593222798585
2017-11-06,0.1429620522161343,4.085370664662988,2303,0.5762931108803273
2017-11-07,0.15325207726307438,3.8829201841271153,2084,0.5686672951972418
2017-11-08,0.14832817361785425,4.047404133406943,2553,0.5970766036137364
2017-11-09,0.14448046625319175,3.9521965000010715,2591,0.5793951907012685
2017-11-10,0.1293365176380556,3.9940864055917595,2507,0.49919758763344735
2017-11-11,0.14793992210960796,4.073736743866158,1913,0.5790213156044673
2017-11-12,0.12603216459254574,3.9195889283337113,2370,0.4850682988066856
2017-11-13,0.11891695893788085,3.942339905970734,2554,0.47652535006938684
2017-11-14,0.12576483454952156,3.9275444451382917,2166,0.4996493316288675
2017-11-15,0.1345510676013034,4.0682205977268415,2324,0.5491211920307142
2017-11-16,0.1347021923098914,4.033866759205548,2431,0.541185485659444
2017-11-17,0.12908548356227867,3.9774636678661355,2123,0.5003924187973477
2017-11-18,0.13006538094365044,3.97884888245247,1724,0.5086820646516768
2017-11-19,0.13953728978729546,4.123444694014291,1772,0.5615029549339724
2017-11-20,0.12814813109409207,3.9923512368687866,2218,0.5021218916568456
2017-11-21,0.11725441691846931,3.691688181889406,2362,0.43039222492053214
2017-11-22,0.13010878349746738,3.858351726436687,2023,0.5150435189886884
2017-11-23,0.14024800272111118,3.95299921646487,2121,0.5552125509980796
2017-11-24,0.1360158571843359,3.913196788612628,2263,0.5203996680504501
2017-11-25,0.13432375347083195,4.021774814936491,1862,0.5265710955662949
2017-11-26,0.12262863945424296,4.081318444385881,1803,0.48674905210004904
2017-11-27,0.13254843902611754,3.909710078852035,1931,0.5197070641412431
2017-11-28,0.13984588674884252,3.9029659986578014,2149,0.5586021898566345
2017-11-29,0.14466477050124515,3.755053033391927,2003,0.5338059932014972
2017-11-30,0.12418003616239393,3.8470599227145867,2149,0.48447757724765667
2017-12-01,0.13467497811629356,3.9500375224890205,2154,0.5434289618516583
2017-12-02,0.1314777079652816,4.140256076880887,2151,0.5488866716390958
2017-12-03,0.1400782783006438,4.063193539815886,2197,0.539715499046444
2017-12-04,0.1360830063164985,3.6820773687849253,2162,0.5008759810231858
2017-12-05,0.13760697468980568,3.849149858779552,2494,0.5093298496298772
2017-12-06,0.13552211555253887,3.536955197507791,2840,0.4950578974817609
2017-12-07,0.11833521493462125,3.923042326960726,2300,0.45933639218777955
2017-12-08,0.1157827063054653,3.7062613356496845,2542,0.43273737248056904
2017-12-09,0.1285204425531873,3.9684456313379055,2006,0.5168983663366973
2017-12-10,0.1399797192670258,3.8700898522824962,2051,0.5435176096759582
2017-12-11,0.13314983795340016,3.411525810259008,2605,0.47723165801309747
2017-12-12,0.1336107196485974,3.761142379042036,2179,0.5113169013516639
2017-12-13,0.1355750802173032,3.864963478483968,1736,0.5267478550620254
2017-12-14,0.13697921051854836,3.992219540478745,2703,0.5385103997393447
2017-12-15,0.11970508749682021,3.875895731672158,2436,0.4448803036076409
2017-12-16,0.1400351129326774,3.8805818299110504,2064,0.5452835327688685
2017-12-17,0.1292662930924091,3.7551499568464095,2485,0.4844058487801098
2017-12-18,0.14010310228256942,3.3753637163142907,2284,0.4698159756076837
2017-12-19,0.14582007790567264,3.647121696824701,1886,0.5457763990312056
2017-12-20,0.1268246558290494,3.585110730529074,2591,0.4494779014185087
2017-12-21,0.1299094770137622,3.6752755538743904,2596,0.4690764799161046
2017-12-22,0.12772370546055165,3.5699208227008867,2509,0.45322105189281087
2017-12-23,0.12356173087293844,3.530194462347024,2068,0.4217620746097534
2017-12-24,0.14622266561336836,3.5314166816663697,2231,0.5261217950623508
2017-12-25,0.11735322730967294,3.6637154650036177,1963,0.4402877772546203
2017-12-26,0.13561751019132282,3.414297574618567,2121,0.4693388411896096
2017-12-27,0.13042725979678393,3.5105419087924603,2522,0.4809757623179465
2017-12-28,0.1321993432986847,3.3696668232348443,2646,0.4613821730022771
2017-12-29,0.12796284029732022,3.5405087136288818,2006,0.4449201134221717
2017-12-30,0.13133517758971952,3.658548396409082,2191,0.471745244818823
2017-12-31,0.15009020896495556,3.405815820097828,1757,0.5293951181192924
2018-01-01,0.14542133347946778,3.4746124868575627,1667,0.49783537778337317
2018-01-02,0.13343761595840795,3.5032603833841947,1935,0.4779542085974565
2018-01-03,0.12926403890568955,3.461729443400367,2480,0.4363042635358814
2018-01-04,0.12716555837730742,3.342369550622601,2365,0.43433959396531413
2018-01-05,0.13833437110415633,3.328568522464895,2413,0.4443554391679327
2018-01-06,0.13980767277952044,3.5409708201752745,2102,0.5093864100500869
2018-01-07,0.1470435666877731,3.4135308072799875,1962,0.5186821478821014
2018-01-08,0.14169787452041344,3.2478190238337015,2217,0.4623329803269669
2018-01-09,0.1510185234677657,3.276225083108336,2577,0.5117367419310143
2018-01-10,0.13275514354073586,3.0709145903932717,2439,0.40235987621008645
2018-01-11,0.12342745393689494,3.150782891131394,2899,0.3881314022428828
2018-01-12,0.1279889798849456,3.370411465682186,2628,0.4293357784558806
2018-01-13,0.12488947419477389,3.3652973319712487,2191,0.4293378268107405
2018-01-14,0.13747056298538907,3.1365711840531283,2312,0.43103163836059566
2018-01-15,0.13310776932276802,3.059098648089775,2419,0.4003052405026742
2018-01-16,0.12706146889056433,3.050436025285972,2623,0.38015075763587686
2018-01-17,0.12239928225631301,3.0448707269175164,2417,0.3993030405360142
2018-01-18,0.13614251077971076,3.196047425681878,2956,0.42902371752419133
2018-01-19,0.15156016266650812,3.065889747290119,2200,0.455264895126954
2018-01-20,0.13903768388695759,3.0965946293773103,1501,0.4283359055302308
2018-01-21,0.13945360188707956,3.167951628188567,1877,0.4120985219610833
2018-01-22,0.1287589570454818,2.9772025686409505,2389,0.3733665386966956
2018-01-23,0.140977664865412,2.8853235910673085,1952,0.4021169416164969
2018-01-24,0.1416499558698787,2.9618292920494738,1895,0.41769813463266214
2018-01-25,0.1326384839443172,3.03407772767624,2182,0.4097596536459849
2018-01-26,0.12967645360138322,3.2444331870603835,2041,0.4152431925612658
2018-01-27,0.1406919228494095,3.1610730603750317,2130,0.4253815341492443
2018-01-28,0.14367790808584777,3.33624799270692,1930,0.47856262433829344
2018-01-29,0.12421209312185914,3.222834486823663,2008,0.39439639481285155
2018-01-30,0.12793343419740852,3.2101907653219146,2409,0.400818580069248
2018-01-31,0.13524537592341418,3.2644971742559026,2382,0.41933573479109526
2018-02-01,0.11496601061138842,3.1946563997422537,2756,0.3578457487006565
2018-02-02,0.12977668444388304,3.123503036778533,2424,0.4006510994515874
2018-02-03,0.1276551540149355,3.16855439555585,1951,0.400113927299273
2018-02-04,0.13713548018527325,3.111466578985309,1800,0.4338283755655907
2018-02-05,0.11876653601518872,3.0643906688891667,1984,0.37168054101706216
2018-02-06,0.10980925306073613,3.2832080914622797,2216,0.3698495222884996
2018-02-07,0.12446404824873189,3.251903097298091,2114,0.3937564656320205
2018-02-08,0.13016965434435607,3.1175679166334156,2107,0.3944616362106712
2018-02-09,0.14195966010903552,2.9528944948470004,1908,0.40999094465433356
2018-02-10,0.12602894359332592,2.9527476716933965,1518,0.3732685359487301
2018-02-11,0.13274179297447627,3.2236171156667686,1141,0.41928691679961566
2018-02-12,0.14510721998295406,3.158052691573036,1769,0.44707248167211555
2018-02-13,0.1367677991031637,3.2679544902312023,1818,0.42105685632435347
2018-02-14,0.13044718167690006,3.112698955765503,1645,0.4016839038788301
2018-02-15,0.12628660169394004,3.181927329348515,1665,0.39779896102443896
2018-02-16,0.11761808674242474,3.2020808105621974,1766,0.3689514323787746
2018-02-17,0.12676048461426942,3.058392038445567,1601,0.3969730177246637
2018-02-18,0.12047175387349612,2.945974799492707,1473,0.34733967741686805
2018-02-19,0.11478189277216633,2.9287386817374093,1846,0.3610007016688165
2018-02-20,0.14041767173827957,2.9503777580187136,1676,0.4178355064953037
2018-02-21,0.14604572958350573,2.9371304455437732,1891,0.4323208439987118
2018-02-22,0.14310071197401625,3.0067087792561753,1800,0.44288182135606063
2018-02-23,0.13121161376022547,2.9464947273860185,1586,0.38245742200119115
2018-02-24,0.11695404259788804,2.8664966065878676,1364,0.3315534999280958
2018-02-25,0.15819090696739635,2.88987143001748,1302,0.4532904172316095
2018-02-26,0.12425364659590112,2.634098505229462,1743,0.31065877994791347
2018-02-27,0.14894062554879003,2.83733392779044,1903,0.414053306012251
2018-02-28,0.12371541004701182,2.8584042280694684,2068,0.34722886353362464
2018-03-01,0.1470119995269565,2.7225725493413813,2144,0.3815364042143016
2018-03-02,0.1453071043521261,2.6996221462051877,2148,0.39868734036198744
2018-03-03,0.15905118193362244,2.903977821887063,1757,0.4657788139435281
2018-03-04,0.1382820218743274,2.837793121075301,1614,0.37610959643586267
2018-03-05,0.1320102256700209,2.6755814769026154,2174,0.35243151720342325
2018-03-06,0.15163390252851264,2.7020892118610447,2184,0.43063609038340495
2018-03-07,0.14276786564570004,2.7091398778952187,1915,0.3933644096110616
2018-03-08,0.1510517368199214,2.692843371730517,1661,0.40332919395170624
2018-03-09,0.14033959930531836,2.9180946130111667,1798,0.39204167351068364
2018-03-10,0.13298316312293468,2.8407633622376727,2061,0.3545317367288856
2018-03-11,0.15392117501683433,2.932231340251625,2104,0.4533685714543816
2018-03-12,0.14058086577864412,2.8407653065934317,2164,0.40378312866290794
2018-03-13,0.14128174670358767,2.786743969062656,2108,0.37383055350693434
2018-03-14,0.133935190015307,2.745233008388821,2121,0.35297102550589704
2018-03-15,0.15125875274737746,2.760306809965724,2172,0.4054859798098627
2018-03-16,0.14303351292316038,2.8411218814534798,2256,0.3918881613730151
2018-03-17,0.13021643556586548,2.819173709655729,1808,0.3643585539639419
2018-03-18,0.14060307637710215,2.7816995764026564,2325,0.3873003209356105
2018-03-19,0.14574441214736455,2.8443711936353027,2558,0.41110359178470823
2018-03-20,0.13501658559580065,2.8017118443793594,2956,0.37445888805117455
2018-03-21,0.1357061853857522,2.88183229229794,2739,0.3968641749458256
2018-03-22,0.15125215746060366,2.8041453012821345,3074,0.42569402217163493
2018-03-23,0.12379284419551535,2.8221095456526606,2933,0.3298273119593127
2018-03-24,0.13252025457707287,2.829677980791734,3033,0.37177991406932726
2018-03-25,0.14590811749400232,3.05112727544028,2895,0.4265105944227655
2018-03-26,0.13139798422967633,2.859558009433897,3086,0.3515400312510367
2018-03-27,0.14703779252541635,2.7288198842335,2697,0.4083205615267523
2018-03-28,0.13456876947801377,2.8495343784326037,2811,0.3729583618960195
2018-03-29,0.14850493941046014,2.8571439011108164,3065,0.4116543760235159
2018-03-30,0.12955289836547706,2.9014710240454913,2706,0.35999692541419553
2018-03-31,0.1498019663674283,2.8593282865757415,2944,0.4229631391948939
2018-04-01,0.1468848469248383,2.785901381550867,3035,0.3880285044402746
2018-04-02,0.15554341639004932,2.711749898394966,2479,0.40144919992577605
2018-04-03,0.15222279828300447,2.5257975509715407,2794,0.36142230090787525
2018-04-04,0.1524204273199696,2.765141121166331,2419,0.39835656517523865
2018-04-05,0.12898476380911972,2.7504776678283527,2934,0.3352410769418571
2018-04-06,0.14040883643251628,2.767216315571993,2898,0.39061565279716254
2018-04-07,0.14510473734028018,2.9033235112811866,2479,0.3926962094139541
2018-04-08,0.14455187432177855,2.561640774784034,2408,0.34470948651680705
2018-04-09,0.13772349800564335,2.711911164016735,2854,0.3576309141407237
2018-04-10,0.16165568867827781,2.7961832124406425,2755,0.4304261057558046
2018-04-11,0.1475857165137119,2.729602049085407,2895,0.38045386088892846
2018-04-12,0.14660825468369426,2.8225118419751976,3113,0.40158380537902433
2018-04-13,0.15629299022440055,2.8895532090766904,2461,0.41701473634684866
2018-04-14,0.1444648190899826,2.6801957167652857,2157,0.3754455408505558
2018-04-15,0.15036423892750514,2.746572318910657,2562,0.4058503259527568
2018-04-16,0.1487659365237029,2.5189314713044832,2513,0.37360287690624544
2018-04-17,0.14406781132506805,2.684939901208809,2633,0.38076601182611725
2018-04-18,0.14888008319195045,2.78435635417104,2240,0.40472962808060514
2018-04-19,0.13150803235091788,2.9421611605316507,2007,0.3820736258767831
2018-04-20,0.14298570858624454,2.872956466358561,2052,0.3940471649350586
2018-04-21,0.13995570730634532,2.728801216174095,2418,0.3606026292835596
2018-04-22,0.12374955286276139,2.838553352866235,2875,0.353511891591684
2018-04-23,0.11864512372993821,2.6801272027099654,2960,0.33491549282876487
2018-04-24,0.13736408693373384,2.797016220477388,2543,0.3598724026573939
2018-04-25,0.14346594066109541,2.815567406331438,2470,0.3935445362392099
2018-04-26,0.13842232780474859,2.820670435978764,2004,0.38794309952513323
2018-04-27,0.1489169702019591,2.738280972682898,1932,0.38899604178369085
2018-04-28,0.14158032868160106,2.877294482539211,1671,0.3894297570514989
2018-04-29,0.13795042480671163,2.8276223475197364,1535,0.3544054982971913
2018-04-30,0.1452446419677468,2.932826707519767,1631,0.40846494240593934
2018-05-01,0.1327602251892039,2.931449764079813,1301,0.36691737180448464
2018-05-02,0.12256480882764481,3.0935789344425793,1608,0.35136487674575134
2018-05-03,0.1270482820358057,2.8916982555438877,1948,0.3483679282742356
2018-05-04,0.1235094430675896,2.9006678413660536,1800,0.3596061327154695
2018-05-05,0.15045275516425258,2.8708017314854994,1377,0.4232793112042011
2018-05-06,0.1374832863483795,2.925653052004859,1816,0.42241364804625736
2018-05-07,0.12907035160789793,2.7785464013494354,1602,0.3349237264418385
2018-05-08,0.12199269479406802,2.676107115672034,1622,0.3109947324099933
2018-05-09,0.1203614227722261,2.7997593236358753,1591,0.32901437200111827
2018-05-10,0.10757216246106459,2.6192795776366036,1702,0.2711652838455739
2018-05-11,0.13342651381226509,2.675946017767374,1774,0.34188385777046776
2018-05-12,0.13096907964004909,2.776785247013256,1543,0.35820253414711656
2018-05-13,0.13237755448812913,2.9205123299155225,1999,0.35710126786829505
2018-05-14,0.13418135235956713,2.4785251797491523,1815,0.3295515669555929
2018-05-15,0.1269175944212054,2.7253392954651274,2034,0.34206386405220585
2018-05-16,0.13539200769895304,2.7974630724267042,2315,0.3575894528084197
2018-05-17,0.14049590440823229,2.8686742624006567,1910,0.3759043721490836
2018-05-18,0.1291124536567506,2.830020294974834,2040,0.33395400066216685
2018-05-19,0.13236075133629716,2.6499472705476523,1734,0.3283003497766518
2018-05-20,0.12026357800906794,2.7664731176494786,1941,0.3244346441075335
2018-05-21,0.13282762262845638,2.414833285778789,2146,0.30212819422434256
2018-05-22,0.1478858331921628,2.457189685547937,2229,0.35486509763456375
2018-05-23,0.13237646883292237,2.605356895057394,2123,0.351157045511947
2018-05-24,0.13280799623633252,2.529335742341686,2068,0.33022997881721816
2018-05-25,0.13900665392240788,2.6450449311176167,1976,0.3767837027816694
2018-05-26,0.13184804066067987,2.411670948197918,1717,0.32428978592440527
2018-05-27,0.1327033076538184,2.5965601324541216,2016,0.33198067829806327
2018-05-28,0.1337547388434569,2.2871132738338975,2160,0.30586253380790474
2018-05-29,0.1585415460074082,2.2945511726507193,2251,0.34531722069387083
2018-05-30,0.1430799442932784,2.370839651662774,2460,0.33186490917020595
2018-05-31,0.1469196940919504,2.2983618470566958,2227,0.3229405620589231
2018-06-01,0.14621257672305055,2.5555908065185515,1892,0.3491880561491668
2018-06-02,0.13225280186495925,2.5126638164282347,1640,0.33426402773400743
2018-06-03,0.14843533214228682,2.712844094588019,1934,0.4056442290993003
2018-06-04,0.14516180797632391,2.340402103038234,1824,0.3492684143399751
2018-06-05,0.1335996315936069,2.3350702324909602,1897,0.3150530202812087
2018-06-06,0.14129920532286222,2.5688312302136485,1974,0.36487134408461974
2018-06-07,0.13878312875601465,2.306287146012114,2016,0.30841290930471243
2018-06-08,0.14385447799432297,2.4375164823617532,1884,0.3553741902961202
2018-06-09,0.14538072184030215,2.289508381926351,1793,0.3239090165849023
2018-06-10,0.14872973651369759,2.4789846409283722,1815,0.34999645352082803
2018-06-11,0.12799670436182187,2.200073296101468,1570,0.272327417495041
2018-06-12,0.14376578057802336,2.2999629752988215,1454,0.3200643491250899
2018-06-13,0.13440741631443082,2.59999125788752,1624,0.3149156658367736
2018-06-14,0.12339477377188453,2.425261688230469,1444,0.25041015530596467
2018-06-15,0.1194012166643116,2.3348323796933705,1363,0.2552826381829349
2018-06-16,0.13054158967160373,2.5004039160229037,1165,0.33056601204762814
2018-06-17,0.12876556836806347,2.793834473091943,1207,0.33417550825305803
2018-06-18,0.1185210628791583,2.496239741323811,1183,0.266530272793083
2018-06-19,0.13438296071409095,2.5764503036615665,1535,0.33407855485367605
2018-06-20,0.12120939832384699,2.5611703949819082,1440,0.31619390267458497
2018-06-21,0.12267219935994118,2.3318202425436683,1613,0.27425234351425
2018-06-22,0.11444640566742027,2.3461879879797767,1313,0.28968588623305125
2018-06-23,0.13356811566282356,2.4801682929669195,1304,0.29932741769917826
2018-06-24,0.14154528155752158,2.4865031184964312,1421,0.3286044829647368
2018-06-25,0.1415228792040704,2.451473737610425,1299,0.30246086483204815
2018-06-26,0.1428026024007046,2.242882587423683,1784,0.28557997323236983
2018-06-27,0.13781153871427848,2.693558079818967,1248,0.365863738635159
2018-06-28,0.12477492925256194,2.1395841517125893,1507,0.22616106421319457
2018-06-29,0.12766595264880337,2.3250539959288683,1414,0.2776655779510383
2018-06-30,0.1342818299407238,2.5075633805469284,1781,0.33083730742995504
2018-07-01,0.14055557215962358,2.3456106592284645,1738,0.3096682005265113
2018-07-02,0.14287282126705156,2.3357991329631034,2134,0.3223424590972431
2018-07-03,0.1532945892401993,2.2866856461488254,1920,0.33728751015072955
2018-07-04,0.14923990131052148,2.356343229488534,2121,0.3460668360360971
2018-07-05,0.13455686427980745,2.4221166617166485,1815,0.30099044486305815
2018-07-06,0.12940881583001282,2.3639109881609945,1817,0.29948846067395124
2018-07-07,0.15185490655946063,2.444162642786886,1651,0.33561559989585277
2018-07-08,0.1351702198897791,2.443219368489591,1759,0.32739883406028597
2018-07-09,0.1409642713716015,2.5447446035857593,1682,0.33566953517079196
2018-07-10,0.1365945816346717,2.5505147847438576,1892,0.3388454119799474
2018-07-11,0.14169136768033244,2.4783287390928836,2117,0.32967783899767905
2018-07-12,0.1486806624690176,2.289595652020425,2119,0.31722032542064305
2018-07-13,0.14575723903057794,2.285009718468379,2351,0.3286015133789349
2018-07-14,0.13217690015382294,2.4271522619327093,1796,0.295934125079749
2018-07-15,0.13847769356811257,2.391767955265801,1741,0.3318690610126873
2018-07-16,0.13143185402783328,2.3216806104570082,1722,0.31788302795016377
2018-07-17,0.1558235559651872,2.2666798424647263,1576,0.3239941096696864
2018-07-18,0.1407979061198513,2.288070838508323,2379,0.30906764767545425
2018-07-19,0.14064408299069983,2.3048036654423347,2122,0.3205322619788253
2018-07-20,0.14741280968880546,2.3969016181511407,1955,0.34683407187789084
2018-07-21,0.13652075878581033,2.226221724279213,2224,0.2901125542698468
2018-07-22,0.1518379332823276,2.352703487060805,2304,0.3443179992107186
2018-07-23,0.15324969568109897,2.2727328822415913,2245,0.3450018639931501
2018-07-24,0.1424828069933879,2.3302568688608467,2427,0.32178186875409837
2018-07-25,0.13722307462934116,2.333219441935484,2458,0.3027617529709713
2018-07-26,0.1323059430636826,2.379252833059906,2332,0.2936226989074166
2018-07-27,0.14602990480008526,2.306121259244499,2446,0.31532928524323045
2018-07-28,0.13937569226094962,2.1455511501466806,2233,0.3099822986065109
2018-07-29,0.15242952999778295,2.209946481565963,2154,0.3107628761546539
2018-07-30,0.136845797829397,2.204944957464646,2056,0.28638074096782723
2018-07-31,0.13523870540555477,2.2543249720603433,2283,0.28388390150167003
2018-08-01,0.14322670780356136,2.144032886303896,2159,0.30966998914264204
2018-08-02,0.13400481737578493,2.082317788363997,2308,0.2747473316636757
2018-08-03,0.12195706973869372,2.2876517372626126,2216,0.26589663450512313
2018-08-04,0.13742611026638826,2.295819929852072,2215,0.322567764007847
2018-08-05,0.13292409053987203,2.224856703598204,2188,0.28879425994083985
2018-08-06,0.1377498980687311,2.025430279812731,2047,0.2627651258415965
2018-08-07,0.13257841852620358,2.0705688325913183,2170,0.2505668277523367
2018-08-08,0.1421745089832363,2.1810382267847066,2219,0.2873630909576499
2018-08-09,0.12834026642097032,2.187280367464296,2012,0.27699212398929896
2018-08-10,0.14328292794245173,2.170182135638029,1944,0.2852175412621733
2018-08-11,0.13381512166299353,2.0846060789114373,1984,0.2593450280834092
2018-08-12,0.1372505209664613,2.300221238938894,1733,0.3133801334663772
2018-08-13,0.12114896765848387,2.141502861916204,1831,0.2568165885809137
2018-08-14,0.13102882047302722,2.1188342932700697,2025,0.26726864767869063
2018-08-15,0.12688698971809745,2.2464658834573368,1900,0.2815330626490813
2018-08-16,0.1443298359435478,2.004351577655289,1958,0.28987799934474423
2018-08-17,0.13695630982399123,2.0819470562798212,1590,0.2608428557659977
2018-08-18,0.13758600203224985,2.2275227157690427,1784,0.2972899362963513
2018-08-19,0.14230978270227548,2.2284700909683313,1870,0.3053684806986951
2018-08-20,0.12536256190730638,2.2105938600322474,1754,0.2650364584287125
2018-08-21,0.1385199239895963,2.2554769158159473,1929,0.30680960712483457
2018-08-22,0.13980424805778582,2.44626616102956,1796,0.3272583969412711
2018-08-23,0.12333702059506763,2.4420998363530964,2207,0.28825438038984763
2018-08-24,0.13808929857991784,2.2086258564126022,1958,0.30059522533916866
2018-08-25,0.143242017897401,2.4671788839980557,1549,0.3465845450543201
2018-08-26,0.12299694801428884,2.6018069927104244,1781,0.3286760510740314
2018-08-27,0.1314491162357784,2.116032993436689,2097,0.2715415950880433
2018-08-28,0.14242324148572638,2.2539865557749597,1717,0.26905558083374054
2018-08-29,0.14271416003840895,2.333298108092589,1404,0.3373865724603735
2018-08-30,0.13394589418886296,2.179599022530516,1900,0.2510692456121374
2018-08-31,0.11133329815132935,2.0768473857191276,1766,0.22874695318987232
2018-09-01,0.1406259273885405,2.2586214014942576,1582,0.3230850797141947
2018-09-02,0.12465563719464196,2.270103733067759,1423,0.2633425147842921
2018-09-03,0.13073012986611224,2.2649414991774623,1761,0.28405514479167937
2018-09-04,0.13207721128057257,2.2969328928066792,1811,0.2904387128636361
2018-09-05,0.13140709976661794,2.254101163641079,1872,0.27465504559656484
2018-09-06,0.13524024891664574,2.2771477020351565,1991,0.2911716841224785
2018-09-07,0.12346178073987188,2.105148780880227,1908,0.253545354813634
2018-09-08,0.12565274686468708,2.2064744207643474,2036,0.2731101984261916
2018-09-09,0.12314270372348628,2.0946729538203543,2032,0.24827757977236556
2018-09-10,0.13116225927933264,2.2871898778872533,2087,0.27373269100901937
2018-09-11,0.12746470970939947,2.119938151601102,2266,0.26856359787327594
2018-09-12,0.13149987776257763,2.1373279695760496,1710,0.25943739265821397
2018-09-13,0.13527878974704202,2.2344568502152895,1076,0.28750186865260247
